Time,Angle (A),BER,Ch 00 (Mag),Ch 00 (Pha),Ch 01 (Mag),Ch 01 (Pha),Ch 02 (Mag),Ch 02 (Pha),Ch 03 (Mag),Ch 03 (Pha),Ch 04 (Mag),Ch 04 (Pha),Ch 05 (Mag),Ch 05 (Pha),Ch 06 (Mag),Ch 06 (Pha),Ch 07 (Mag),Ch 07 (Pha),Ch 08 (Mag),Ch 08 (Pha),Ch 09 (Mag),Ch 09 (Pha),Ch 10 (Mag),Ch 10 (Pha),Ch 11 (Mag),Ch 11 (Pha),Ch 12 (Mag),Ch 12 (Pha),Ch 13 (Mag),Ch 13 (Pha),Ch 14 (Mag),Ch 14 (Pha),Ch 15 (Mag),Ch 15 (Pha),Ch 16 (Mag),Ch 16 (Pha),Ch 17 (Mag),Ch 17 (Pha),Ch 18 (Mag),Ch 18 (Pha),Ch 19 (Mag),Ch 19 (Pha),Ch 20 (Mag),Ch 20 (Pha),Ch 21 (Mag),Ch 21 (Pha),Ch 22 (Mag),Ch 22 (Pha),Ch 23 (Mag),Ch 23 (Pha),Ch 24 (Mag),Ch 24 (Pha)
3674160254.364668,344.000000,0.000000,118.788522,1.551976,110.188454,1.632726,113.896839,1.548424,99.258596,1.530763,112.894792,1.590896,101.578354,1.659457,106.674228,1.457093,114.238299,1.471879,109.444440,1.565268,99.013985,1.556768,113.803672,1.428473,105.641776,1.571777,103.181173,1.432627,106.109836,1.279190,118.753275,1.327231,111.607708,1.396391,109.932750,1.186861,97.013110,1.269237,126.295905,1.257805,126.436920,1.096999,99.554700,1.059218,107.617420,1.221766,123.817573,1.201894,135.347992,1.009615,109.345822,1.127798
3674160254.465400,344.000000,0.000000,114.481684,1.440970,114.865236,1.428829,101.682895,1.479747,109.821754,1.334078,111.016984,1.382643,90.167049,1.525663,96.309740,1.332710,115.264767,1.356007,98.438488,1.353808,96.798907,1.495922,107.437489,1.250016,118.247996,1.272157,96.988596,1.384961,104.719695,1.125222,97.897954,1.274488,99.296228,1.314809,103.331748,1.047365,101.019067,1.148196,103.478807,1.113530,124.124976,0.979103,99.708302,0.914653,113.566490,1.074532,110.681036,1.003814,128.729074,0.841920,130.059291,0.964157
3674160254.565133,344.000000,0.000000,112.092842,1.599464,109.307242,1.500870,117.621847,1.475246,103.229886,1.491183,100.197151,1.447418,93.357216,1.558574,103.027752,1.342379,106.965217,1.439772,102.267141,1.393510,115.809397,1.433757,112.645583,1.372084,107.174608,1.417903,100.373187,1.424936,112.236164,1.163028,95.328996,1.379307,98.758646,1.311101,109.442207,1.151685,103.250240,1.250208,111.423437,1.212087,109.491509,0.951411,101.137026,0.899370,113.557408,1.107861,118.435532,1.268304,120.848588,1.001001,115.214517,1.124135
3674160254.664875,344.000000,0.000000,96.835259,1.511421,96.398272,1.503257,100.949657,1.476335,97.061796,1.412424,92.083859,1.496768,87.073884,1.481680,92.917638,1.416687,103.501526,1.407102,91.672252,1.371552,97.581555,1.436230,100.965246,1.478256,85.051266,1.397318,88.146371,1.287708,86.737117,1.145794,85.338746,1.263828,93.341547,1.220450,99.068566,1.041877,90.923314,1.276559,107.130049,1.164892,106.284353,1.112885,92.528558,1.001360,99.629789,1.206239,108.738710,1.045359,103.614318,0.940228,107.544571,0.997299
3674160254.764598,344.000000,0.000000,105.227075,1.603995,111.747867,1.613368,113.567952,1.575244,106.632963,1.632530,100.846503,1.601431,94.820742,1.613274,102.714228,1.467535,108.510832,1.505636,90.091776,1.551787,97.844960,1.587607,136.855052,1.450334,96.345864,1.478574,96.879335,1.520077,115.300571,1.370900,99.565362,1.460020,97.378004,1.469823,110.299490,1.157649,100.718702,1.300357,104.773843,1.299525,106.316932,1.111511,93.669067,1.181369,113.316673,1.237818,112.321158,1.452131,118.166760,1.093956,112.099353,1.075506
3674160254.865330,344.000000,0.000000,106.485830,1.414163,115.002253,1.478166,105.407904,1.468318,93.992251,1.444751,101.489651,1.338869,92.481927,1.441076,92.913683,1.355958,113.884499,1.352504,94.214457,1.347551,97.632175,1.452956,107.071443,1.251653,90.148702,1.407623,98.726930,1.308869,104.178716,1.086890,91.232488,1.287325,97.894374,1.308735,101.436459,1.070850,99.658057,1.277654,104.915933,1.154463,115.068006,0.919939,95.925084,0.960738,108.906590,1.036411,102.815354,1.080048,129.497302,0.860741,102.748714,1.078507
3674160254.965063,344.000000,0.000000,116.573014,1.529614,106.984921,1.528376,102.066428,1.515672,96.556629,1.555847,106.020742,1.521644,92.208320,1.516849,92.569372,1.502131,117.617799,1.566611,88.291646,1.467762,100.522709,1.518540,114.156522,1.318849,100.599351,1.498644,98.420547,1.351968,106.870355,1.240578,94.580496,1.361647,94.339070,1.261510,107.916303,1.012298,88.858755,1.256107,92.837296,1.299032,107.664894,1.067540,108.968808,0.917363,108.430829,1.104684,110.404986,1.142517,124.607332,0.994542,123.789677,1.045211
3674160255.065279,344.000000,0.000000,94.900948,1.556580,112.031454,1.458392,99.585854,1.442590,92.609387,1.523510,86.342138,1.338451,89.317397,1.575440,87.849823,1.384420,98.918561,1.441170,78.568635,1.374458,93.396221,1.498414,97.991779,1.310167,93.480450,1.431868,89.896831,1.394301,92.956954,1.173024,79.838410,1.336028,87.657914,1.243388,93.618192,1.169443,87.687484,1.246988,95.480779,1.100702,92.204099,0.986938,89.481020,0.951167,95.564049,1.105378,97.747746,1.079920,103.551285,0.939610,97.148228,0.944285
3674160255.165012,344.000000,0.000000,95.622415,1.367503,105.398266,1.437727,101.654734,1.502769,92.756735,1.448939,96.267210,1.240009,91.140717,1.422696,93.077578,1.319495,98.176566,1.324791,79.533223,1.377935,97.230138,1.362566,102.783967,1.255057,87.151912,1.306115,95.171024,1.258121,103.723918,1.044575,84.906237,1.240067,97.042135,1.232779,97.461789,1.013342,88.059709,1.142609,111.287948,1.074249,107.090591,0.964842,96.512412,0.941101,98.601900,1.099894,103.986008,1.020324,103.593358,0.833558,93.213173,0.908746
3674160255.264999,344.000000,0.000000,106.570493,1.345710,108.857148,1.358413,105.267885,1.325854,96.243493,1.376065,97.668304,1.379819,91.725183,1.396485,101.810696,1.200809,105.366916,1.359786,92.778101,1.347908,99.213330,1.371268,97.892998,1.227823,92.778422,1.263766,106.655153,1.332649,97.443300,1.121995,87.666871,1.242349,88.060276,1.144169,104.475996,0.989037,91.267800,1.222312,120.984449,1.010994,99.719449,0.954052,95.644331,0.839093,104.032233,1.030759,111.394239,1.059277,122.951362,0.885347,111.764926,0.952216
3674160255.364749,344.000000,0.000000,112.460421,1.527781,113.991286,1.546621,122.076530,1.502119,105.606867,1.592370,105.321702,1.455937,100.648538,1.553371,96.438380,1.425280,114.602517,1.434815,90.239171,1.407143,98.591341,1.481376,117.999676,1.314605,109.205395,1.464359,99.098179,1.441255,106.961240,1.219831,96.598324,1.343111,104.329978,1.295625,100.560500,1.108397,92.839692,1.238769,109.522205,1.107321,113.253313,1.116958,98.330504,1.003848,123.448978,1.122146,110.305810,1.173366,116.919373,0.909992,116.780908,1.030966
3674160255.465365,344.000000,0.000000,99.502401,1.493638,114.560983,1.610247,113.758447,1.490094,101.766294,1.501901,91.338831,1.450626,87.011987,1.475174,93.641460,1.431725,108.886773,1.435137,88.808129,1.423487,98.772677,1.419240,106.171134,1.429739,97.814708,1.502591,97.406956,1.435996,102.312687,1.191302,94.314282,1.345894,93.620080,1.361623,97.177844,1.087416,101.329770,1.269925,108.034494,1.208940,107.952935,1.074292,98.267446,0.952710,116.815649,1.082057,106.671135,1.181457,112.667733,0.938909,119.810877,1.084659
3674160255.566096,344.000000,0.000000,104.631154,1.398343,113.458380,1.330384,114.749268,1.411160,97.980836,1.496645,98.608208,1.421452,91.611614,1.467376,90.743034,1.359896,107.214532,1.316569,90.394974,1.228760,96.540539,1.423354,108.968746,1.295316,101.493521,1.306539,91.359862,1.368750,105.205922,1.014964,89.322079,1.171485,100.364721,1.254113,97.861228,0.998984,86.628960,1.141572,100.647857,1.141649,97.002887,0.971730,95.974535,0.881374,98.008469,1.004690,99.469398,1.000268,118.097370,0.967735,105.979482,0.990497
3674160255.665829,344.000000,0.000000,114.402343,1.604244,107.544003,1.590178,108.146186,1.529277,98.070634,1.488865,110.132687,1.344587,94.822737,1.528855,96.768848,1.285199,114.748333,1.367766,97.488190,1.407386,94.012960,1.391630,93.690096,1.385799,94.426419,1.415332,106.285465,1.241234,98.664350,1.157257,94.177511,1.322693,95.860512,1.294481,97.538985,0.950372,100.892352,1.246410,115.818102,1.192601,95.175412,1.021605,95.303171,0.950234,103.015354,1.079574,111.269147,1.123877,113.092807,0.951617,105.447043,1.034584
3674160255.765562,344.000000,0.000000,121.544751,1.521319,128.267909,1.653767,123.774070,1.633319,114.234968,1.341697,107.454914,1.508241,100.904896,1.572685,115.062481,1.473650,109.719537,1.510355,102.629255,1.526664,104.276856,1.568895,104.234166,1.416953,111.226310,1.548187,106.791289,1.451117,110.612849,1.235932,108.760928,1.439803,103.554689,1.360845,111.777485,1.198486,105.393550,1.277284,128.741036,1.287851,115.686544,1.109219,107.183594,1.064426,129.426226,1.263598,110.333582,1.255083,118.106102,1.051219,123.128059,1.044887
3674160255.866326,344.000000,0.000000,99.362778,1.499738,99.617171,1.481539,99.650868,1.461363,96.822762,1.465069,95.040568,1.528035,88.589647,1.478728,97.478547,1.331956,103.759300,1.377081,95.207363,1.335964,94.494660,1.502037,105.884668,1.365241,96.946641,1.306291,89.098364,1.306683,96.187903,1.090222,95.452030,1.327011,93.775357,1.288141,95.681249,1.076426,92.252812,1.229209,111.781270,1.153853,102.642183,0.969752,94.055941,1.039757,94.588292,0.983881,112.111372,1.214985,111.437876,0.955386,99.114330,1.072761
3674160255.966060,344.000000,0.000000,115.748153,1.345610,101.101602,1.391396,111.058178,1.420989,96.257446,1.359450,97.261807,1.464365,94.544042,1.526079,105.112306,1.372735,104.540407,1.423702,90.373949,1.405414,94.799558,1.452081,120.556833,1.288559,96.777904,1.396077,89.220011,1.343884,97.532932,1.083160,91.153101,1.228562,95.490572,1.210727,97.809643,1.137671,99.789405,1.157341,104.287809,1.091042,97.981862,0.988832,91.918676,0.975326,100.821152,1.130600,97.555594,1.085282,114.126517,0.942310,108.151946,1.038341
3674160256.065791,344.000000,0.000000,105.050664,1.495701,105.335176,1.565929,109.635687,1.513616,96.892826,1.553727,103.539263,1.410293,91.305246,1.578974,102.384623,1.382973,114.822505,1.391259,97.952616,1.443591,90.940843,1.451952,103.812872,1.431098,98.487545,1.446633,99.190221,1.501806,100.481894,1.240080,88.271170,1.322829,91.907766,1.398708,98.267793,1.115806,95.841037,1.265164,121.669661,1.084826,100.315210,1.033862,93.474512,0.953640,110.903650,1.175260,109.853036,1.134651,107.085567,0.980735,107.796681,0.973622
3674160256.165557,344.000000,0.000000,109.735040,1.655495,118.501620,1.667836,117.221930,1.551047,94.522178,1.475684,99.322478,1.598195,98.166432,1.553504,106.531192,1.481220,112.076710,1.469108,91.010436,1.498374,106.868828,1.614875,112.474384,1.362606,94.319537,1.577899,105.993575,1.423875,113.183390,1.205449,93.795073,1.393386,94.349694,1.414954,106.409381,1.134835,91.177749,1.244428,118.783942,1.243545,110.618827,1.064254,98.188422,1.064880,117.077444,1.285742,124.064572,1.264017,108.510030,0.985186,125.901621,1.098812
3674160256.266257,344.000000,0.000000,99.632672,1.529990,102.081785,1.451448,103.908245,1.364518,91.769256,1.419527,95.780888,1.447386,90.346856,1.480382,90.027693,1.410750,95.505555,1.209767,87.815236,1.374605,90.761481,1.414313,98.253731,1.250610,86.483007,1.320059,99.564712,1.395942,98.370501,1.190431,84.723303,1.342966,89.534983,1.324548,89.549063,1.135962,92.424074,1.230407,95.432893,1.169169,95.385438,1.038499,90.163795,0.974354,103.865416,1.117558,112.137520,1.069291,106.736192,1.015895,104.986902,0.974517
3674160256.366737,344.000000,0.000000,102.333314,1.484786,99.214789,1.487970,104.153661,1.394939,98.900211,1.406167,98.851886,1.463241,98.110032,1.367939,106.947285,1.463996,94.315314,1.413232,84.998863,1.342894,103.644670,1.368817,98.856448,1.386115,94.100743,1.444902,90.924913,1.366827,96.351190,1.162950,88.205356,1.252552,95.716030,1.221709,102.523613,1.055675,87.040490,1.177984,118.172992,1.137718,105.243655,1.015626,95.708559,0.973689,94.482109,1.095365,96.732073,1.211739,93.903679,0.923336,98.561654,1.017273
3674160256.467043,344.000000,0.000000,97.389932,1.456844,101.182792,1.575090,99.357221,1.474539,87.865805,1.445958,80.976465,1.452948,82.535894,1.497336,80.608437,1.357192,88.626985,1.429514,79.765051,1.372302,89.767709,1.376467,98.434230,1.325701,86.073894,1.406920,88.369999,1.384082,86.597460,1.135913,84.494452,1.260312,85.850377,1.278156,92.963162,1.086271,86.590082,1.216080,95.225118,1.225799,101.503080,1.021531,81.285227,0.945970,97.738445,1.089762,94.571492,1.002507,104.152876,1.027271,99.604656,1.032112
3674160256.566993,344.000000,0.000000,90.417994,1.409666,87.228816,1.461798,94.910521,1.524923,97.411602,1.392833,83.666620,1.348355,78.390744,1.483654,87.941727,1.318756,102.361310,1.301369,84.422822,1.369656,86.479364,1.375110,88.501868,1.195891,89.883871,1.349634,86.121528,1.297759,89.929085,1.056165,86.666388,1.276187,90.801702,1.307875,93.271266,1.144742,81.686270,1.102673,87.473638,1.166103,95.650918,1.066793,84.142346,0.965037,98.528749,1.189525,93.653703,1.069717,103.311777,0.864586,102.464537,1.027511
3674160256.666790,344.000000,0.000000,110.170503,1.537821,105.726777,1.378212,93.754260,1.319621,88.771849,1.423643,87.754032,1.325022,82.932691,1.393768,96.967316,1.327118,95.248994,1.289335,86.249733,1.239201,91.971192,1.399145,94.681787,1.195810,95.682538,1.412727,91.559181,1.293816,96.937696,1.053103,80.646520,1.151415,82.020816,1.220990,94.897701,0.930860,90.123282,1.136018,97.360585,1.029319,93.747207,0.826204,88.028740,0.988013,97.284120,1.049194,100.899647,1.026907,104.337262,0.788781,99.540104,0.921405
3674160256.766551,344.000000,0.000000,103.445401,1.477388,108.134387,1.494972,97.139836,1.493235,85.629174,1.362794,92.245370,1.350988,89.506040,1.389294,92.054214,1.316630,101.520230,1.396475,82.205612,1.374724,89.913384,1.393880,100.583339,1.212223,79.738851,1.356567,91.073428,1.259246,89.414279,1.116631,81.512631,1.261134,92.663653,1.268594,96.483582,1.101102,79.690817,1.095935,111.264553,1.115439,107.558717,0.928640,80.581852,0.947833,102.750582,1.108280,95.882218,1.085835,112.635475,0.874410,93.689553,1.033211
3674160256.868276,344.000000,0.000000,103.744602,1.491378,90.509300,1.522211,89.881245,1.471737,88.502036,1.420011,82.649981,1.406057,76.933375,1.515867,82.316343,1.410404,96.706217,1.453683,80.691068,1.388443,86.724130,1.450926,92.313756,1.326661,84.845066,1.353066,86.455110,1.393536,97.589783,1.177785,83.410035,1.330255,81.625756,1.159916,83.895475,1.126467,89.113166,1.105069,95.675715,1.183407,97.553928,0.956737,82.909455,1.077703,93.469654,1.157223,93.341902,1.138394,107.819461,0.831073,89.471625,1.105424
3674160256.968134,344.000000,0.000000,92.320529,1.493665,99.231221,1.404768,97.739578,1.512279,93.702514,1.405508,90.232566,1.346467,86.468135,1.441511,87.598331,1.328029,90.198856,1.294425,83.057185,1.371327,86.200006,1.325710,95.059324,1.316252,80.963142,1.333814,80.097608,1.206907,90.074094,1.094722,78.429669,1.251178,82.489668,1.238759,88.334542,1.010544,83.232864,1.205069,95.671336,0.987945,101.947371,0.891452,81.206641,0.942813,92.861572,1.060828,95.897449,1.106322,103.705574,0.861924,100.733372,0.933950
3674160257.068238,344.000000,0.000000,104.461710,1.436635,105.058510,1.498737,106.596938,1.392956,89.017440,1.394987,88.462875,1.328762,83.657524,1.490852,92.101092,1.436310,99.968755,1.298813,82.208094,1.356514,92.440478,1.394861,105.785973,1.274271,90.206148,1.294584,88.515785,1.281014,90.345550,1.102135,94.204347,1.269816,90.848426,1.301379,87.081606,1.018452,93.332283,1.235162,99.551634,1.057340,99.069593,0.826300,88.727934,1.001890,95.936292,1.019178,91.116765,1.080961,99.420971,0.886467,103.598350,0.930134
3674160257.167972,344.000000,0.000000,111.775326,1.552535,109.619667,1.331657,101.296550,1.407841,91.611622,1.430840,93.506180,1.377209,99.926716,1.411498,92.180664,1.297473,110.536293,1.343203,87.426443,1.405282,89.776688,1.307031,107.917387,1.273651,92.150612,1.324404,89.036439,1.376492,88.994237,1.087619,90.309977,1.250535,85.331604,1.216946,94.311993,1.042255,93.396257,1.180010,97.436408,1.147937,96.067568,0.970911,91.856211,1.003733,103.948100,1.050573,109.475215,1.075340,107.803757,0.889194,100.904776,0.993211
3674160257.268737,344.000000,0.000000,94.663349,1.420015,96.368536,1.440878,95.391325,1.407342,89.971868,1.433810,85.091117,1.341784,88.920975,1.423668,85.698555,1.371794,91.394372,1.427164,82.273217,1.406108,78.898651,1.429306,91.813914,1.345515,84.614063,1.380613,84.830066,1.260844,87.791690,1.101950,82.745750,1.342419,88.204696,1.269045,91.066293,1.047237,79.117899,1.203756,96.371805,1.110390,90.915241,0.988032,80.594201,1.011260,102.828763,1.086966,91.867775,1.040992,104.464024,0.932327,99.289863,1.029879
3674160257.369466,344.000000,0.000000,100.797772,1.445433,101.330598,1.503554,103.026084,1.526887,83.842137,1.420805,96.916291,1.316288,81.741915,1.495005,92.278315,1.232022,103.944941,1.296236,77.835798,1.336352,91.191654,1.290563,93.234319,1.318219,91.119669,1.221666,90.896990,1.258526,89.630425,1.055145,88.382681,1.223371,81.383392,1.165645,93.096280,1.049848,88.156367,1.073390,100.768668,1.087703,98.430496,0.892713,86.862980,0.947982,95.805820,1.033822,105.679379,0.955483,102.937540,0.847092,99.972979,1.014844
3674160257.468632,344.000000,0.000000,106.455664,1.389318,97.455554,1.416956,99.740120,1.413436,87.146886,1.351147,92.267074,1.391478,81.796702,1.438069,87.103802,1.317474,91.855691,1.249086,84.755105,1.338225,93.581483,1.338668,93.704388,1.277188,88.186723,1.311767,99.804482,1.239036,92.205910,1.008730,92.119436,1.243514,90.880732,1.177563,92.818513,1.008192,90.278006,1.148262,101.232012,1.021772,105.087870,1.000650,90.221242,0.912397,91.370572,1.055911,100.181951,1.020258,102.086469,0.895377,95.210250,0.988801
3674160257.569362,344.000000,0.000000,95.361319,1.458435,94.509419,1.371035,94.341150,1.416234,82.463916,1.400980,81.871825,1.367912,80.635435,1.469310,81.467215,1.297362,91.075205,1.394667,74.626078,1.343334,81.401092,1.360369,87.416824,1.270412,86.775174,1.370660,84.571749,1.278626,81.120701,1.128087,77.192344,1.255329,83.994152,1.193802,84.645793,0.971457,86.137842,1.197247,89.562016,1.134332,93.051463,0.937640,82.725810,0.987195,92.639494,1.025697,98.242240,1.080380,100.610573,0.928506,85.375446,0.979543
3674160257.669135,344.000000,0.000000,92.669049,1.393758,91.264899,1.389412,98.852349,1.488838,78.969788,1.435083,84.016671,1.340689,83.838778,1.443569,77.096187,1.246633,93.644720,1.321776,77.820233,1.327133,80.008956,1.398831,91.943472,1.241670,88.339900,1.381760,86.439058,1.334879,84.962322,1.110312,78.893614,1.331063,78.685946,1.258053,88.212157,0.942697,79.448124,1.152570,96.538695,1.045756,92.135411,0.993619,82.230611,0.980360,92.035408,1.121620,100.375452,1.033961,95.333086,0.918987,94.240513,0.970860
3674160257.769384,344.000000,0.000000,89.579597,1.452066,95.075476,1.464272,106.035027,1.439175,89.385452,1.418417,86.657290,1.372239,83.813737,1.429218,82.828145,1.376236,99.285546,1.359308,81.807342,1.285436,88.625138,1.425525,99.059866,1.162741,86.235136,1.367385,81.906826,1.289591,99.165662,1.100393,86.507508,1.221239,88.094336,1.290420,93.346136,1.004121,94.181237,1.151486,92.031267,1.022284,101.537739,1.024921,89.262374,0.889554,100.700635,1.007950,92.589087,1.080029,91.951236,0.875995,98.440608,0.931311
3674160257.869117,344.000000,0.000000,95.109158,1.466758,96.343112,1.450903,99.470738,1.404878,92.030153,1.367504,92.194935,1.325063,85.744500,1.432336,80.261414,1.300335,102.857971,1.457052,84.689614,1.335757,82.637533,1.311190,99.461899,1.261585,90.203372,1.300009,86.858240,1.268886,88.768114,1.075923,85.041577,1.250327,82.541670,1.239020,87.559736,0.981826,86.001030,1.154650,95.950687,1.014276,90.979626,0.970792,96.129162,0.900947,94.928944,1.049080,97.370670,1.031154,101.264826,0.916520,94.029683,0.852012
3674160257.969117,344.000000,0.000000,91.805047,1.547009,96.632108,1.491194,95.287069,1.461762,82.518840,1.506129,81.241491,1.445768,86.438460,1.539195,80.514861,1.272499,91.645329,1.423553,78.498575,1.297645,88.389989,1.348857,91.745474,1.354429,80.456126,1.418727,78.097845,1.446309,88.330185,1.129964,82.112049,1.293512,81.176508,1.290812,92.109470,1.097243,77.280399,1.108060,96.106932,1.100160,93.175534,1.007833,79.561599,0.990869,88.723233,1.144015,92.480435,1.027738,96.620748,0.875090,107.527392,0.990531
3674160258.068850,344.000000,0.000000,94.605798,1.446154,102.843705,1.390608,99.663549,1.367294,81.708397,1.407522,84.054792,1.460635,80.128035,1.483039,92.261200,1.339332,93.517931,1.405150,76.444720,1.331371,85.346542,1.370767,94.279006,1.246388,84.319150,1.254219,86.259327,1.371181,87.600902,1.149944,89.103065,1.209215,84.325621,1.240251,86.674727,1.050820,84.185924,1.193118,96.550886,1.106593,100.709092,0.919023,84.297817,0.961867,89.682908,1.112651,89.077514,1.000508,95.318595,0.870754,92.980218,0.970198
3674160258.169314,344.000000,0.000000,97.122819,1.494869,100.243374,1.456272,89.524603,1.393744,91.812331,1.524188,94.767688,1.398727,80.385884,1.458764,91.909491,1.412095,86.604988,1.267593,82.193313,1.319914,86.891687,1.406499,93.521825,1.247258,83.280674,1.365876,93.120001,1.358246,88.932572,1.093227,86.413399,1.298224,84.437059,1.243348,97.006828,1.079180,83.446434,1.220280,99.100476,1.063381,108.652311,0.959398,82.020413,0.922949,90.780891,1.064676,99.513377,1.073852,98.884318,0.848027,101.741746,0.985142
3674160258.269054,344.000000,0.000000,96.367784,1.441672,97.626348,1.533558,95.181446,1.491487,88.784560,1.531310,90.145677,1.553423,84.286453,1.572686,87.323251,1.388456,91.191702,1.476326,75.921079,1.482461,84.442423,1.510038,96.138643,1.358329,88.000710,1.533468,85.955114,1.401632,85.687837,1.198062,77.604440,1.405628,83.325606,1.300178,87.936697,1.143810,81.389279,1.212970,100.471760,1.115597,91.740854,1.140862,86.778612,1.057673,94.874100,1.169583,92.151848,1.087738,102.614064,0.997141,92.041703,1.143634
3674160258.369059,344.000000,0.000000,97.821018,1.490814,93.433506,1.361150,99.466836,1.483154,83.862415,1.499174,88.110671,1.441707,82.884342,1.479874,85.107351,1.344586,95.674819,1.242882,78.205533,1.430312,83.595883,1.437544,91.586616,1.315717,87.846523,1.345443,80.826199,1.377124,89.911076,1.110704,81.839638,1.253378,85.736061,1.297718,95.338860,1.083191,81.356969,1.232439,94.774713,1.093661,97.343829,0.964741,79.082943,0.920295,98.255448,1.028363,97.559623,1.166386,93.614569,0.899379,106.237833,1.082852
3674160258.468791,344.000000,0.000000,89.862766,1.467532,97.316565,1.422554,102.586856,1.409540,86.228617,1.381147,89.323214,1.366007,83.147270,1.520728,84.205583,1.292496,99.058067,1.350211,77.028798,1.303592,90.986736,1.373973,92.473741,1.207310,83.236622,1.298078,93.255256,1.359708,88.200208,1.011702,83.413205,1.247206,84.695240,1.163933,90.067118,0.993157,87.842310,1.150133,95.369611,1.064317,91.095790,0.967386,78.862021,0.883128,95.039734,1.031319,93.170460,0.999056,99.205558,0.877975,86.153947,0.911625
3674160258.570031,344.000000,0.000000,98.558352,1.519829,102.622909,1.562559,100.671277,1.571914,89.721868,1.517188,86.312171,1.526940,90.993053,1.574209,90.309721,1.426095,97.666745,1.494570,86.423693,1.465734,89.969013,1.431899,99.415941,1.458238,85.470112,1.390886,89.242112,1.378335,97.374497,1.171440,84.563458,1.350535,92.924171,1.250649,95.654014,1.130683,90.309588,1.259521,93.665821,1.238562,101.494540,1.123904,79.131535,1.073252,107.074181,1.116167,107.747280,1.206699,102.973840,0.948673,94.173328,0.982634
3674160258.669764,344.000000,0.000000,88.152968,1.537792,106.174860,1.431267,98.818788,1.528700,95.807346,1.524267,90.776507,1.475877,89.278957,1.578678,92.628438,1.385571,102.915427,1.367372,87.841516,1.446345,87.275567,1.429656,102.106537,1.399651,91.434328,1.395706,80.427742,1.294056,93.603956,1.280428,84.643130,1.396482,84.535794,1.210472,90.697920,1.084499,89.369091,1.297707,100.369958,1.257416,94.460066,1.035079,90.640319,0.956505,89.187336,1.092197,97.806041,1.228077,101.548806,0.870740,90.436120,1.081112
3674160258.771333,344.000000,0.000000,120.357212,1.663739,100.641679,1.581167,106.868883,1.535935,96.421346,1.675122,92.858830,1.543763,81.783951,1.600210,91.398903,1.482405,93.391508,1.503765,83.765210,1.553850,92.594950,1.566829,110.407782,1.352620,95.101593,1.508006,93.915338,1.411885,92.857810,1.345123,88.979716,1.414545,80.757475,1.320158,93.033594,1.258405,90.781228,1.362046,98.701463,1.282371,101.304790,1.128789,85.849269,1.135615,102.200206,1.285164,98.284734,1.119394,104.638846,1.165912,90.587690,1.274727
3674160258.871079,344.000000,0.000000,96.112047,1.466857,103.002419,1.524494,108.568700,1.546257,92.954368,1.545543,94.622264,1.541247,87.322034,1.564546,87.512033,1.473386,98.963951,1.384826,84.517736,1.480310,86.276285,1.461746,95.472464,1.454036,84.307790,1.356059,94.430296,1.437974,97.007782,1.216790,88.520524,1.375859,85.261401,1.355532,93.749695,1.150515,81.292595,1.321169,109.853941,1.203832,95.126877,1.122086,87.277433,1.045868,107.571462,1.202500,95.382680,1.236981,110.611414,1.036412,99.887901,1.276079
3674160258.970839,344.000000,0.000000,94.320643,1.536346,92.205343,1.513524,97.962140,1.531517,89.662729,1.455122,89.378051,1.501819,85.356588,1.527240,87.602452,1.439074,94.748990,1.455089,86.766113,1.397144,89.613060,1.415693,96.457660,1.400887,88.416842,1.473498,87.248166,1.403813,87.599593,1.234455,81.827662,1.277713,91.132941,1.262247,94.519761,1.101363,86.830658,1.267708,94.644471,1.235466,100.469078,1.148516,95.879232,1.006996,104.135404,1.065349,97.741428,1.184874,109.415774,0.948542,93.498663,1.158798
3674160259.071373,344.000000,0.000000,94.555869,1.503790,90.865682,1.570680,99.961531,1.503569,89.253094,1.480541,84.441594,1.373352,83.240549,1.487423,83.095255,1.399197,103.849476,1.379067,86.469522,1.417682,85.649827,1.408566,99.206855,1.385081,89.227181,1.355725,88.211701,1.330857,86.948680,1.170500,88.399212,1.366662,88.015101,1.273743,90.612794,1.146039,86.067500,1.178380,97.565739,1.142932,92.388061,0.974582,87.259947,0.953780,102.912414,1.134690,104.231614,1.083500,94.172102,1.025412,93.938607,0.988371
3674160259.171105,344.000000,0.000000,107.362217,1.594232,110.912450,1.577590,111.193611,1.510286,85.439000,1.581327,92.596723,1.450086,89.118671,1.600798,94.226463,1.448693,92.754147,1.500775,88.929903,1.452435,88.440854,1.497524,97.492623,1.436476,94.637796,1.459327,96.578022,1.402904,88.193338,1.236947,87.187990,1.391590,91.694849,1.415813,100.924993,1.140642,89.370218,1.321168,92.005905,1.172007,105.745767,1.117360,94.452488,1.079351,93.286509,1.287565,89.778923,1.231466,102.491560,1.003315,108.673981,1.061846
3674160259.271111,344.000000,0.000000,98.649717,1.581716,104.276910,1.571479,97.413422,1.600493,93.398972,1.533675,87.495711,1.452529,85.107785,1.560686,86.880044,1.547786,98.839986,1.456038,82.165402,1.369770,88.884623,1.488839,106.941262,1.347341,92.265507,1.533372,89.968439,1.384591,102.343197,1.216556,83.860212,1.310154,89.771684,1.222981,92.294495,1.170530,89.222346,1.193930,94.770742,1.286333,101.780513,1.059302,93.376530,0.987768,99.770228,1.256020,102.050254,1.131344,112.734719,0.902495,102.154133,1.094378
3674160259.370813,344.000000,0.000000,99.386052,1.525672,104.925260,1.508447,98.706834,1.552557,83.106584,1.594850,87.876424,1.588783,90.878764,1.613325,88.613110,1.391959,83.640688,1.509270,84.488413,1.490976,90.733915,1.538624,98.606003,1.459764,92.512556,1.473983,83.511107,1.374272,93.729107,1.255086,91.665795,1.426774,89.303873,1.411635,98.226940,1.163427,83.452744,1.260858,98.116759,1.281569,98.409568,1.068401,90.102593,1.016268,88.854807,1.235005,96.742186,1.288071,102.306125,0.931675,102.870247,1.162729
3674160259.470658,344.000000,0.000000,93.837675,1.496036,113.804691,1.403305,95.586680,1.426976,85.166006,1.500883,80.662426,1.365582,82.970956,1.530596,84.987768,1.400484,97.631393,1.269276,84.019938,1.372641,88.830741,1.363689,89.559052,1.367575,79.718895,1.421316,82.674589,1.401025,91.006265,1.184606,81.198773,1.327050,89.183146,1.267925,88.729611,1.174113,87.806942,1.181312,93.357250,1.147459,87.052519,0.953187,83.913758,1.068123,94.970492,1.119469,99.019647,1.061066,102.774276,0.954943,103.528698,1.035902
3674160259.571407,344.000000,0.000000,101.320152,1.575128,97.423021,1.485595,97.358554,1.452029,91.649775,1.467406,86.827736,1.474978,91.308666,1.522318,88.223586,1.475460,102.151522,1.390374,88.323312,1.415555,96.145921,1.418159,97.942774,1.421962,87.735435,1.380908,88.248853,1.363602,91.587173,1.162206,93.505929,1.262656,85.996955,1.403123,95.120153,1.139616,91.711398,1.268018,99.378227,1.256628,100.670093,1.044064,84.779299,1.048898,99.857584,1.220961,104.164460,1.112324,104.682155,1.032264,104.499659,1.229864
3674160259.671123,344.000000,0.000000,95.886638,1.620446,103.184776,1.494106,102.438020,1.486154,81.995567,1.569271,91.023927,1.563897,85.703398,1.541671,89.232870,1.410344,100.524144,1.510323,82.370092,1.437069,90.673846,1.497227,99.120031,1.413101,93.767690,1.489132,88.065901,1.415907,97.998858,1.150701,84.503485,1.360067,84.857935,1.337371,95.539071,1.095353,88.400751,1.296220,95.069774,1.202095,96.186490,1.081297,87.303462,1.075263,101.013974,1.189524,90.650763,1.158325,115.120731,1.045669,99.219401,1.156022
3674160259.770928,344.000000,0.000000,92.142512,1.562132,98.700962,1.527536,108.691147,1.484767,92.546285,1.515980,86.525124,1.517265,88.086858,1.575932,89.234924,1.416251,91.283010,1.522679,85.482320,1.415772,92.131541,1.441231,90.216032,1.419823,84.054083,1.399257,89.860534,1.403221,93.653833,1.094977,92.488838,1.358223,90.154729,1.293311,100.600168,1.104545,87.448100,1.242714,88.354807,1.143059,96.140493,1.052264,83.421368,1.124662,98.692459,1.101409,90.079856,1.218382,104.853044,0.962220,100.417788,1.064302
3674160259.871429,344.000000,0.000000,103.229435,1.479367,97.687022,1.428264,92.943009,1.508378,83.683234,1.439921,89.423805,1.404581,82.402183,1.525652,87.685175,1.396425,89.623890,1.394724,84.248535,1.365499,92.634348,1.387859,96.467835,1.425457,91.504503,1.373934,95.662623,1.430550,89.803850,1.077728,91.067603,1.387509,86.195251,1.334133,90.221501,1.084751,84.922286,1.248113,103.273040,1.219166,96.172399,1.126232,86.509792,1.027429,90.841807,1.145895,94.304222,1.141544,99.037875,0.987645,94.608900,1.110159
3674160259.971134,344.000000,0.000000,93.444888,1.508137,92.260660,1.394560,99.875534,1.471710,81.453574,1.440604,86.743495,1.520205,85.356270,1.555201,85.288424,1.354860,96.795725,1.489444,87.041209,1.534507,89.227164,1.374284,105.571391,1.438187,94.584662,1.359932,86.938452,1.357503,87.605419,1.101904,87.277804,1.364329,93.072622,1.330035,92.187085,1.087018,83.330396,1.289391,100.377770,1.205166,104.337393,1.034263,83.929529,1.064228,86.136868,1.163599,96.469464,1.105664,100.595453,0.958549,89.473759,1.073594
3674160260.070867,344.000000,0.000000,100.840220,1.479277,91.094705,1.401613,109.938458,1.567407,89.197201,1.514577,91.960960,1.461460,90.157970,1.578661,92.574609,1.476517,96.562143,1.470435,83.136143,1.410588,89.913141,1.437905,95.916387,1.392579,88.860006,1.457199,89.021899,1.342739,88.172729,1.228720,89.021897,1.416150,89.770418,1.319211,94.134454,1.116236,87.784213,1.199779,97.250906,1.154873,94.820713,0.970691,81.154247,0.944440,100.153781,1.194548,93.958888,1.149783,107.780837,1.002451,97.097226,1.067291
3674160260.170947,344.000000,0.000000,93.934303,1.509174,109.137081,1.313979,92.938002,1.491256,89.791785,1.458444,84.654134,1.418722,82.469661,1.530771,87.435885,1.364087,94.768506,1.307440,81.622306,1.411108,95.334934,1.489006,87.086079,1.292124,89.278160,1.291937,84.872826,1.370407,93.388079,1.077569,81.639137,1.279432,82.983065,1.220451,92.903473,1.100668,84.136259,1.191249,85.863140,1.046499,89.980974,0.985741,87.962343,0.961318,104.605747,1.108675,93.095117,1.107390,108.688902,0.977516,103.019140,1.073739
3674160260.270680,344.000000,0.000000,105.920161,1.422439,93.702954,1.511749,97.039320,1.442223,86.068424,1.409032,89.994646,1.382354,83.443946,1.414717,81.672941,1.291523,93.517539,1.298308,79.020408,1.297085,92.694257,1.337918,108.029786,1.287577,83.741617,1.311157,85.016153,1.280189,85.124065,1.140054,84.935609,1.276062,82.888832,1.176507,93.468842,1.024683,83.852623,1.152600,85.932190,1.176162,99.608762,0.903504,84.202553,1.016352,96.877452,1.033440,90.814254,1.146990,103.174484,0.836811,100.712569,1.035939
3674160260.371413,344.000000,0.000000,108.070949,1.548555,102.914953,1.492322,93.289636,1.625003,90.504854,1.656594,90.477590,1.483874,92.275917,1.595850,87.906750,1.403346,90.752562,1.440449,83.775895,1.502085,95.212648,1.489575,101.186407,1.398560,94.006512,1.469593,90.855288,1.419346,96.872158,1.287629,89.791674,1.405472,90.831924,1.288586,96.272692,1.146218,89.028729,1.289889,95.625337,1.260614,115.411949,1.104547,88.760879,1.080285,99.769206,1.153031,94.466139,1.139782,101.602879,1.029098,99.997468,1.061757
3674160260.470616,344.000000,0.000000,96.685634,1.542621,98.814404,1.722942,95.722132,1.572091,93.134196,1.535105,97.039956,1.559863,83.942739,1.533746,91.047180,1.414849,99.081782,1.459019,79.472918,1.488384,90.551649,1.431135,96.210925,1.460414,91.845883,1.524222,85.874319,1.417165,86.956259,1.261907,94.018636,1.399493,89.092346,1.293525,95.953907,1.166565,89.274686,1.323681,103.083915,1.278197,101.665889,1.054494,81.651429,0.946133,106.392361,1.269445,94.151065,1.215157,115.916569,1.047824,99.575202,1.194716
3674160260.571379,344.000000,0.000000,102.887414,1.604332,101.841340,1.589393,104.618820,1.565771,86.884994,1.554997,89.777401,1.615722,84.453617,1.572039,92.700234,1.504802,94.394104,1.457042,81.858910,1.436137,93.359134,1.492342,92.161126,1.465219,88.370790,1.461085,88.661728,1.428581,90.442472,1.235095,88.071967,1.380824,90.121349,1.386987,91.553669,1.135302,88.908813,1.410506,99.225694,1.202510,98.843991,1.071659,83.969818,1.133063,99.222839,1.232695,95.525143,1.076533,106.861926,0.994932,95.077424,1.215030
3674160260.672386,344.000000,0.000000,103.337235,1.630261,100.100984,1.674417,105.354699,1.577670,95.656464,1.673852,92.576994,1.556740,86.507419,1.495862,97.488071,1.528599,105.799516,1.448048,87.979521,1.562660,89.017988,1.534272,106.005954,1.462816,93.335692,1.474266,91.841363,1.515315,97.024268,1.213118,87.658637,1.353110,88.336675,1.380025,102.843947,1.219169,92.631201,1.382051,102.845335,1.269462,104.708272,1.110041,93.173545,1.018098,103.230872,1.190695,91.282142,1.283518,107.248489,1.031698,107.534207,1.159525
3674160260.772119,344.000000,0.000000,97.398628,1.576625,105.178309,1.718616,115.470356,1.479949,91.114050,1.629633,98.955242,1.582967,96.697824,1.646486,102.351694,1.528420,118.084465,1.529185,94.828169,1.532315,99.193643,1.696354,102.569008,1.498855,100.628640,1.600948,95.347440,1.549390,108.959822,1.394562,101.576544,1.413008,94.939322,1.427330,108.173961,1.282889,94.790333,1.366395,114.518223,1.309952,105.908700,1.161540,97.419872,1.178955,107.343287,1.297944,109.071464,1.293600,108.476772,1.180580,113.892427,1.270420
3674160260.871884,344.000000,0.000000,116.747234,1.709240,112.076749,1.659630,111.523328,1.583263,93.419592,1.579658,102.171521,1.651707,110.059279,1.693415,107.077284,1.577219,120.327999,1.478615,102.629909,1.573963,100.839600,1.517118,123.175529,1.541914,106.225626,1.549523,96.991137,1.503646,107.387637,1.230123,100.838709,1.406964,98.864371,1.450588,120.743844,1.368383,101.281643,1.330355,111.712917,1.436235,115.665856,1.184261,100.235754,1.147681,107.679679,1.319005,120.241027,1.332186,126.810293,1.068370,110.035952,1.215145
3674160260.971617,344.000000,0.000000,108.245411,1.638755,95.115789,1.582709,109.595559,1.592453,96.901056,1.603879,90.104665,1.587041,79.996645,1.601360,93.356494,1.455520,102.012829,1.449075,80.732081,1.608855,100.435519,1.620455,104.351190,1.464721,97.389908,1.571564,90.577112,1.472413,90.044238,1.283915,88.259191,1.483482,92.313111,1.382321,97.391040,1.223603,91.863700,1.295465,104.372551,1.225420,108.670684,1.118066,90.818397,1.238403,98.499284,1.266901,103.501013,1.136912,113.756377,1.062584,113.519594,1.184621
3674160261.072349,344.000000,0.000000,99.507672,1.610883,99.271071,1.662877,103.046881,1.687241,83.208097,1.623811,89.334314,1.607238,77.969756,1.722445,85.972462,1.622707,93.797432,1.522644,78.595107,1.623309,86.099645,1.649144,100.468244,1.500721,87.544973,1.517011,84.132428,1.487082,87.349251,1.288855,88.151549,1.515822,86.198162,1.469934,86.750720,1.332407,87.928045,1.369086,98.891468,1.326359,92.823284,1.271196,84.749593,1.234318,94.525928,1.266367,98.366892,1.307599,103.116357,1.156390,95.688870,1.195886
3674160261.172274,344.000000,0.000000,91.855714,1.611110,94.908930,1.623882,98.435050,1.590474,81.135257,1.588517,86.336174,1.597987,76.622517,1.619826,86.150314,1.461487,90.056377,1.540611,77.158144,1.537279,75.528451,1.586423,88.118320,1.503457,86.698418,1.494127,82.525082,1.505731,87.237938,1.299275,77.239268,1.460808,78.750819,1.423194,84.171370,1.157228,80.733089,1.372333,98.449718,1.283285,89.735835,1.147842,82.731993,1.137231,91.027697,1.234543,85.683412,1.181759,102.092795,1.056016,91.090035,1.163083
3674160261.271995,344.000000,0.000000,91.252106,1.591052,87.878638,1.526652,87.856585,1.465243,79.974006,1.568488,72.912929,1.512480,73.162688,1.617116,78.336262,1.520806,80.898391,1.396493,77.763106,1.521959,83.907770,1.499359,86.727899,1.396508,78.897910,1.452133,79.752139,1.480249,80.951222,1.163188,76.219988,1.375823,76.766560,1.312269,83.823922,1.079041,76.136756,1.274456,81.138883,1.202084,89.206654,1.062634,73.292237,1.061839,81.861036,1.195661,87.522158,1.114348,93.926742,1.036470,83.674509,1.168968
3674160261.371728,344.000000,0.000000,91.608709,1.490877,87.819013,1.582141,93.758602,1.514730,74.524412,1.526447,77.954045,1.453410,74.294016,1.611741,76.930076,1.344104,84.960691,1.468775,74.251103,1.345284,80.803177,1.512786,84.415430,1.428436,77.070647,1.396103,78.494855,1.344301,81.315056,1.210277,75.997130,1.340317,75.539126,1.326277,85.577320,1.110093,77.144041,1.218645,86.352645,1.230910,86.682589,1.098558,76.675439,0.987462,77.611472,1.158529,85.401941,1.138621,103.717629,1.014825,84.074839,1.038645
3674160261.473493,344.000000,0.000000,89.965090,1.527199,92.935576,1.635060,102.363657,1.582667,88.495849,1.640317,76.654138,1.536820,71.966370,1.604227,84.766724,1.485794,92.283523,1.521609,80.565532,1.501107,84.212033,1.648006,87.730273,1.500541,85.892376,1.489659,95.709528,1.505909,91.680500,1.335667,82.293004,1.443628,86.525761,1.415253,81.686976,1.284053,91.117478,1.302889,94.612930,1.251768,93.971550,1.203459,82.367089,1.115975,90.386957,1.259768,90.127473,1.217875,93.609226,1.033111,90.773434,1.168008
3674160261.573295,344.000000,0.000000,105.020569,1.512896,92.802634,1.532252,92.622291,1.542253,87.344270,1.634007,82.539451,1.650126,84.897669,1.576996,83.802880,1.448113,84.265446,1.459145,82.570273,1.501753,90.073657,1.483249,93.953713,1.410692,85.722463,1.415011,82.817975,1.448677,85.348155,1.284374,80.194021,1.376868,86.870524,1.354865,87.320764,1.156817,87.607567,1.338796,89.421086,1.222690,98.142404,1.011590,85.512674,1.070621,87.841731,1.194453,91.702680,1.108407,92.131239,1.063132,94.486378,1.144375
3674160261.674074,344.000000,0.000000,98.283763,1.578492,96.410723,1.576085,98.858396,1.524721,86.050019,1.599975,83.242521,1.593762,83.813693,1.598629,92.667476,1.499916,105.723604,1.471327,77.175563,1.533596,96.171437,1.593559,100.120917,1.420878,88.577331,1.402206,96.211750,1.575115,92.102789,1.278273,87.325438,1.304128,89.925554,1.405133,92.930129,1.188475,87.459660,1.380389,103.845272,1.260248,100.699172,1.053323,89.390909,1.133174,93.901729,1.188473,102.356396,1.315012,110.543981,1.021806,95.807726,1.117579
3674160261.773593,344.000000,0.000000,94.283160,1.672717,88.075638,1.576783,91.745022,1.557615,88.248645,1.543271,87.394149,1.541854,87.697127,1.637477,92.352916,1.549249,90.308086,1.521573,78.447394,1.514827,83.661441,1.453478,89.470842,1.426263,88.839770,1.526438,85.455011,1.530802,89.981186,1.274090,80.747091,1.434493,85.281486,1.327508,97.708408,1.149977,83.912950,1.367441,93.061144,1.235458,100.859512,1.054093,87.246315,1.086834,96.266324,1.227539,89.085422,1.188144,104.490724,0.919161,86.505533,1.113052
3674160261.874373,344.000000,0.000000,98.665755,1.513213,94.319119,1.483789,102.128101,1.523677,77.916856,1.522064,81.730871,1.487401,74.801252,1.521046,82.155553,1.485017,96.423584,1.451796,77.345506,1.474245,81.647722,1.532575,98.039908,1.372104,79.727250,1.392166,82.388055,1.350528,97.792940,1.211367,77.003134,1.350652,80.114081,1.289840,89.359632,1.186762,81.345378,1.306888,86.084911,1.219516,91.091727,1.067103,86.808557,1.086571,97.768350,1.130364,95.612245,1.232429,92.708832,0.923146,94.038354,1.055550
3674160261.975063,344.000000,0.000000,89.528741,1.596757,102.949206,1.728745,98.062074,1.595134,92.674075,1.609569,93.703370,1.570695,91.714807,1.694245,97.548034,1.391751,108.581042,1.594395,86.123427,1.576765,93.221627,1.548896,107.693105,1.422524,96.574059,1.521162,97.681016,1.437263,104.514275,1.249388,92.240935,1.442657,93.887435,1.389486,94.072413,1.157707,100.224658,1.331445,97.262375,1.236897,103.361937,1.081630,95.580417,1.109384,98.670193,1.263359,98.982846,1.187513,103.429091,1.062458,104.279314,1.115562
3674160262.075254,344.000000,0.000000,101.629974,1.523745,93.776691,1.587822,101.086204,1.536105,91.562972,1.587582,87.100422,1.509608,87.076182,1.637640,95.198719,1.479681,91.292095,1.541448,83.555122,1.577514,85.511850,1.503804,101.146776,1.456717,81.074954,1.442729,93.142875,1.489978,89.208227,1.269981,82.147562,1.427348,85.341467,1.401278,93.526697,1.162764,83.697948,1.308666,89.653077,1.236400,112.725435,1.202902,84.208078,1.082173,104.075283,1.193211,97.551538,1.180617,98.754426,1.129937,90.700944,1.166531
3674160262.175104,344.000000,0.000000,87.273142,1.517286,90.677139,1.497528,90.179596,1.516583,79.817170,1.530983,82.886135,1.411023,77.406428,1.577006,80.752752,1.466744,88.032777,1.531853,75.470632,1.511853,80.334026,1.508151,90.204974,1.299534,85.329718,1.408070,79.007129,1.331302,81.376023,1.186300,82.053596,1.423480,81.584069,1.323753,87.983294,1.215625,77.919192,1.273460,81.161140,1.225661,84.127127,1.148625,80.146762,1.131123,87.591155,1.124913,84.524443,1.203097,89.833542,0.992574,92.500172,1.141115
3674160262.275835,344.000000,0.000000,86.185270,1.493732,99.819519,1.486020,100.610127,1.433799,74.488357,1.400675,78.474983,1.351050,75.333941,1.432913,82.868638,1.335765,90.194574,1.361895,71.412923,1.418359,80.235995,1.443121,88.723827,1.277934,84.548703,1.333904,83.955831,1.305028,81.656627,1.091054,75.755055,1.293027,78.193710,1.242604,78.148274,1.045712,75.230719,1.204777,87.774145,1.108753,80.192114,0.923093,78.678247,0.955467,81.576884,1.082647,85.400846,1.042713,92.147071,1.031755,88.600112,1.041099
3674160262.375988,344.000000,0.000000,90.955704,1.542345,91.975204,1.566908,107.064095,1.538590,83.760330,1.569510,85.302225,1.524416,81.741841,1.604484,86.327642,1.461277,93.362989,1.391261,82.136753,1.402266,86.649753,1.513993,93.163288,1.427153,80.093443,1.456202,86.770676,1.408670,89.076490,1.211774,88.901933,1.394774,76.453792,1.321662,81.069142,1.164263,78.516036,1.277667,94.515601,1.203215,95.287466,1.055516,77.144274,1.027405,95.078746,1.264299,85.010937,1.160695,96.897478,1.013862,90.114881,1.134364
3674160262.477278,344.000000,0.000000,89.761551,1.328871,92.736257,1.381049,103.167483,1.401838,73.252116,1.370783,80.984512,1.258410,72.897500,1.305811,77.522595,1.281793,85.219318,1.212152,71.946511,1.232550,78.696088,1.343101,84.018570,1.163107,78.909377,1.208535,76.039444,1.181869,78.714007,0.976582,70.983880,1.198718,74.819646,1.085028,79.387362,0.920422,76.351818,1.085631,83.793144,0.923499,80.563422,0.885359,72.732427,0.862697,89.206331,0.976618,81.118586,0.957136,96.609355,0.860523,90.633218,0.942879
3674160262.576989,344.000000,0.000000,94.949803,1.324407,90.891973,1.303602,89.903553,1.327797,70.680651,1.312335,74.130193,1.200709,73.446618,1.289798,76.876350,1.232014,81.497271,1.165685,66.617761,1.211630,80.036010,1.337116,83.050482,1.143028,86.634125,1.121583,84.727391,1.112411,77.462545,0.948302,77.495515,1.114820,78.424522,1.141795,75.789333,0.907882,73.506663,1.079697,82.134102,0.939245,79.066918,0.813272,70.517812,0.836287,82.405710,0.854373,91.302334,0.960621,84.525310,0.849224,81.834749,0.834483
3674160262.676731,344.000000,0.000000,95.922216,1.379057,95.512858,1.432927,88.386192,1.431310,83.492428,1.358926,81.443522,1.347791,74.698067,1.390628,84.028949,1.168132,88.301115,1.274551,71.927408,1.239535,78.802606,1.285948,85.889782,1.184626,81.384301,1.299518,81.618929,1.293284,80.498799,1.009554,78.763492,1.206785,77.863545,1.211308,87.207370,0.958592,78.380169,1.130087,83.520540,1.008168,83.380104,0.920317,73.101599,0.845544,95.231003,0.960896,97.252222,1.041404,89.271563,0.909818,85.858994,0.943221
3674160262.777481,344.000000,0.000000,99.118699,1.464856,92.284964,1.539313,93.055225,1.466050,95.865048,1.614059,83.670465,1.469741,87.109809,1.495253,89.871397,1.406145,98.235617,1.392009,79.343211,1.416073,82.966535,1.448206,89.231327,1.316272,82.341192,1.406040,90.860284,1.376454,84.156084,1.116713,76.793368,1.334055,78.279036,1.242969,90.978979,1.113113,81.935451,1.291807,92.347533,1.178990,95.123888,1.050409,75.683708,0.965549,91.283931,1.099197,89.772443,1.063646,99.822545,0.955207,99.084315,1.079000
3674160262.877186,344.000000,0.000000,89.588062,1.353823,84.384418,1.305444,80.846231,1.366584,82.988428,1.399256,78.623282,1.294183,74.063926,1.384778,81.067166,1.281806,82.069465,1.221362,74.268240,1.292658,77.028659,1.280572,83.614323,1.179042,77.428609,1.305776,70.915665,1.236859,78.481432,0.980587,70.850402,1.208732,70.117282,1.168577,79.843997,0.995390,71.532288,1.072312,81.782666,0.978378,86.686082,0.895881,74.564266,0.833945,84.672941,1.003776,87.750427,0.977496,92.024096,0.835802,81.935878,0.900943
3674160262.978193,344.000000,0.000000,85.688936,1.447560,84.033829,1.411175,82.473674,1.393534,70.572805,1.350904,76.630597,1.374416,74.906039,1.447570,76.354286,1.279082,78.612445,1.274686,70.528181,1.316049,76.689008,1.335281,80.930129,1.275337,73.769247,1.273686,75.117029,1.280826,74.503951,1.027910,69.964185,1.182310,69.900674,1.172611,83.643712,0.975946,70.474245,1.155775,81.900802,1.047675,78.501270,0.985439,70.800230,0.899567,81.217429,0.986146,82.303484,1.060629,94.629702,0.871176,80.710315,0.980823
3674160263.078082,344.000000,0.000000,86.664731,1.359070,87.477246,1.393226,86.523455,1.256056,75.544255,1.401896,77.098563,1.258572,71.673517,1.417165,78.675143,1.226651,82.039589,1.249131,74.652000,1.247736,76.527111,1.319498,84.125906,1.201889,77.027427,1.222713,81.977365,1.238713,80.613619,1.019748,76.149019,1.208217,71.032691,1.108990,74.700729,0.965557,70.344880,1.067747,83.432622,1.045087,80.965476,0.851817,68.685152,0.917539,79.164450,1.036503,77.543335,0.964207,88.606045,0.829118,86.711920,0.912003
3674160263.177756,344.000000,0.000000,93.832031,1.409863,91.972229,1.345225,86.429157,1.320237,79.252162,1.230609,82.068497,1.289467,75.548961,1.230793,82.728439,1.215958,88.788341,1.216482,74.699216,1.178222,79.920077,1.295500,83.523673,1.208033,84.182769,1.238676,76.247455,1.189467,79.858296,0.913199,78.497503,1.180664,77.345917,1.130137,91.367311,0.880607,74.209615,1.045911,91.059310,0.920754,87.570082,0.950339,77.874069,0.826423,84.009196,0.964761,96.748145,0.987954,92.182946,0.764085,88.648133,0.773711
3674160263.278494,344.000000,0.000000,91.229433,1.348788,89.990080,1.396123,95.076343,1.469434,78.490380,1.379573,84.301339,1.319631,78.995730,1.360375,84.364194,1.261956,83.275109,1.219207,76.725761,1.254406,83.208854,1.306997,91.233318,1.148016,86.118690,1.332293,81.213170,1.305192,79.140799,0.992778,75.819940,1.143095,84.367886,1.051529,84.876990,0.944520,82.478997,1.093041,87.899984,0.833948,88.271689,0.897053,80.199120,0.863880,86.460545,0.990826,87.462772,1.038077,92.098041,0.826869,91.864137,0.931384
3674160263.378242,344.000000,0.000000,96.002241,1.498281,91.010092,1.445508,95.864606,1.478319,80.912344,1.444217,84.613852,1.443527,76.864773,1.419550,83.547993,1.374669,84.398152,1.299513,74.292680,1.325169,82.796029,1.386992,92.037099,1.282437,82.244118,1.274318,83.669106,1.324163,83.438172,1.117456,82.139506,1.235342,81.004373,1.207364,81.628418,1.050345,77.220773,1.167881,96.648421,1.169806,97.418673,0.991444,84.908545,1.046326,89.613679,1.168448,89.253872,1.152794,99.581828,0.863388,92.817231,1.074662
3674160263.478996,344.000000,0.000000,89.343013,1.443323,79.299419,1.330440,87.384130,1.364025,76.864220,1.401709,78.756641,1.326681,71.270679,1.400655,75.300457,1.254171,82.346425,1.308423,71.526482,1.255423,76.126281,1.368556,85.113498,1.187581,72.642958,1.289559,75.160636,1.223732,83.507596,0.977676,73.666282,1.126717,73.832447,1.122468,79.817161,1.008035,81.982108,1.039743,82.844463,1.083408,84.164536,1.002753,75.690712,0.883773,82.856290,0.992399,84.831438,0.980045,88.701648,0.855609,84.686004,0.887876
3674160263.578730,344.000000,0.000000,82.021001,1.343408,85.409564,1.452167,90.157355,1.272308,78.352873,1.392187,77.785364,1.384035,76.579858,1.442682,75.623202,1.252341,85.065907,1.304558,77.084115,1.313685,84.707113,1.369890,94.931079,1.307001,79.792724,1.311110,79.230797,1.249404,80.920596,1.119964,85.118925,1.138723,78.394500,1.184031,78.304326,0.991147,77.223648,1.123904,81.083288,1.073867,92.681132,0.947194,73.867548,0.947347,85.054731,1.031406,85.566415,0.978825,83.427016,0.838811,80.875085,1.025922
3674160263.680507,344.000000,0.000000,88.318168,1.438017,94.399636,1.501983,89.879428,1.395150,76.764058,1.420645,84.413070,1.402281,79.024265,1.430485,79.459361,1.351525,82.867221,1.319018,73.840711,1.325380,75.531373,1.398554,94.263844,1.309470,71.937132,1.361427,74.263127,1.336351,80.351749,1.081588,73.879312,1.257862,74.982138,1.181768,84.765161,1.020326,76.660667,1.122512,85.081863,1.125883,86.034934,0.807866,76.856901,0.969031,84.717825,1.096980,82.587487,1.040936,89.118002,0.892576,98.344895,0.959499
3674160263.780241,344.000000,0.000000,91.520543,1.425333,88.627330,1.459306,87.084187,1.375590,77.303305,1.445216,83.379307,1.373377,77.130246,1.441907,76.496502,1.335069,88.678505,1.333286,72.691090,1.292882,81.504986,1.317473,81.250320,1.262537,73.616722,1.245831,78.591142,1.427026,80.392241,1.046232,79.721350,1.224293,78.709014,1.241725,86.206981,1.042390,76.502449,1.219727,93.899782,1.099671,95.975979,0.944609,78.109455,0.906066,93.433173,1.016343,87.585653,1.003815,95.159547,0.874817,98.795675,0.993816
3674160263.880420,344.000000,0.000000,81.623982,1.400877,90.342866,1.401934,90.651102,1.371767,83.835551,1.419291,79.435911,1.378384,79.324939,1.423253,84.776427,1.316917,81.726846,1.370394,74.729177,1.349575,76.394309,1.359300,87.418303,1.340613,81.086612,1.371473,74.912359,1.320983,84.474767,1.100321,75.621096,1.211559,76.050075,1.225325,88.740956,1.030741,77.935984,1.158980,81.373917,1.065060,80.637890,0.976475,79.156001,0.913669,86.234865,1.082643,83.193580,1.075476,94.933949,0.809490,85.750236,0.981310
3674160263.980163,344.000000,0.000000,83.572858,1.502287,91.248106,1.398036,91.793175,1.411610,77.472044,1.385178,79.145160,1.363603,72.019066,1.446192,77.952657,1.270057,87.371732,1.364535,75.271780,1.315308,81.277445,1.376205,82.810446,1.268384,82.695410,1.317697,79.758749,1.293100,78.476995,1.077092,77.808618,1.235735,76.728921,1.177199,87.053490,1.000530,77.895139,1.201075,82.656744,1.053529,84.539150,0.959104,77.374316,1.030152,86.309527,1.061185,91.599853,1.106877,95.036510,0.914536,84.956046,0.949899
3674160264.079899,344.000000,0.000000,82.553925,1.444981,85.496578,1.327206,93.867989,1.462981,79.775353,1.367075,75.026160,1.348518,79.010414,1.472860,80.815971,1.271612,86.511849,1.311777,71.442457,1.277466,75.253949,1.347308,88.492132,1.308691,80.301781,1.263498,78.281753,1.226785,80.821769,1.051278,76.471757,1.248001,77.708764,1.177426,76.634070,1.005319,75.766934,1.208912,82.938582,1.108783,82.460451,0.950596,77.953408,0.955211,95.011180,1.057619,79.422645,1.015265,86.527470,0.907134,86.986308,0.940822
3674160264.179652,344.000000,0.000000,80.852166,1.421020,88.539268,1.409112,82.525350,1.399071,77.139423,1.415932,75.443090,1.311312,73.513131,1.405084,79.333268,1.259449,82.513505,1.343519,69.412216,1.339195,79.119004,1.301010,81.180881,1.282329,79.691956,1.339132,74.957135,1.262483,79.893725,1.069577,71.478975,1.261731,71.649433,1.177546,81.489086,0.961327,72.092560,1.111490,83.351190,1.092024,91.419822,0.975015,73.644309,0.939762,83.512814,1.089226,80.562111,0.953066,83.756295,0.811107,87.678048,1.031136
3674160264.279597,344.000000,0.000000,90.373378,1.359111,89.616554,1.398406,88.745399,1.394970,78.934124,1.393095,78.317973,1.422797,71.667849,1.433945,75.857254,1.318374,84.459126,1.326855,70.996228,1.268593,76.752606,1.371559,79.818293,1.210506,75.357203,1.268432,76.739238,1.236255,77.491446,1.035410,79.018878,1.289776,80.419337,1.202535,78.513921,0.969689,74.595553,1.160046,80.260109,1.088009,84.908102,0.967511,76.975152,0.857812,86.118080,1.061069,82.989210,1.129597,87.555993,0.914789,87.980987,0.972839
3674160264.380326,344.000000,0.000000,84.742842,1.446371,90.443657,1.441292,93.904602,1.453216,81.954294,1.426506,77.129350,1.372007,83.698780,1.373169,86.124209,1.351804,85.630488,1.318327,72.611312,1.315598,79.992037,1.411228,84.229791,1.299349,74.544755,1.255976,77.195490,1.274298,79.392278,1.077508,75.894941,1.300383,73.991400,1.255052,78.782744,1.024591,76.409262,1.215251,86.299861,1.062578,89.700776,0.963390,75.364241,0.872522,91.560068,1.028423,82.224361,1.129142,90.565633,0.893879,86.008232,0.943607
